osm_id,jurisd_base_id,jurisd_local_id,name,parent_abbrev,abbrev,wikidata_id,lexlabel,isolabel_ext,ddd,info
252645,68,0,"Wuliwya Suyu",INT,BO,750,bo,BO,591,"{""area_sr"": 92.20359, ""area_km2"": 1086811, ""currency"": ""BOB"", ""fat_deg_m"": 0.0000092, ""official_name"": ""Estado Plurinacional de Bolivia"", ""side_estim_km"": 1042.5, ""iso3166_alpha3"": ""BOL"", ""side_estim_deg"": 9.6023, ""elongation_factor"": 1.82}"
405935,68,233169,Beni,BO,B,233169,beni,BO-B,,
396197,68,235110,Chuquisaca,BO,H,235110,chuquisaca,BO-H,,
393562,68,233917,Cochabamba,BO,C,233917,cochabamba,BO-C,,
400473,68,272784,"La Paz",BO,L,272784,la.paz,BO-L,,
395910,68,1061368,Oruro,BO,O,1061368,oruro,BO-O,,
3358584,68,235362,Pando,BO,N,235362,pando,BO-N,,
4509552,68,238079,Potosí,BO,P,238079,potosi,BO-P,,
3360565,68,235106,"Santa Cruz",BO,S,235106,santa.cruz,BO-S,,
396198,68,233933,Tarija,BO,T,233933,tarija,BO-T,,
4123549,68,45,Acasio,P,,1477964,acasio,BO-P-Acasio,,
4500356,68,168,Achacachi,L,,1819965,achacachi,BO-L-Achacachi,,
4499868,68,163,Achocalla,L,,1552057,achocalla,BO-L-Achocalla,,
4506120,68,244,Aiquile,C,,1521142,aiquile,BO-C-Aiquile,,
4506107,68,241,Alalay,C,,1521154,alalay,BO-C-Alalay,,
4499791,68,154,"Alto Beni",L,,1952850,alto.beni,BO-L-AltoBeni,,
4500357,68,169,Ancoraimes,L,,224511,ancoraimes,BO-L-Ancoraimes,,
4495077,68,130,Antequera,O,,647847,antequera,BO-O-Antequera,,
4505759,68,219,Anzaldo,C,,1516966,anzaldo,BO-C-Anzaldo,,
4499594,68,138,Apolo,L,,2307341,apolo,BO-L-Apolo,,
4123465,68,61,Arampampa,P,,1477973,arampampa,BO-P-Arampampa,,
4505812,68,249,Arani,C,,1816566,arani,BO-C-Arani,,
4505763,68,220,Arbieto,C,,1516960,arbieto,BO-C-Arbieto,,
4505715,68,216,Arque,C,,1521216,arque,BO-C-Arque,,
4511239,68,281,"Ascencion de Guarayos",S,,721682,ascencion.guarayos,BO-S-AscencionGuarayos,,
4137627,68,67,Atocha,P,,1477927,atocha,BO-P-Atocha,,
4499718,68,143,Aucapata,L,,287053,aucapata,BO-L-Aucapata,,
4495038,68,114,Aullagas,O,,647728,aullagas,BO-O-Aullagas,,
4499719,68,144,Ayata,L,,1544657,ayata,BO-L-Ayata,,
4500834,68,189,"Ayo Ayo",L,,490965,ayo.ayo,BO-L-AyoAyo,,
4505604,68,209,Ayopaya,C,,1485787,ayopaya,BO-C-Ayopaya,,
4500399,68,27,Batallas,L,,631626,batallas,BO-L-Batallas,,
4056838,68,23,Baures,B,,1814580,baures,BO-B-Baures,,
4050084,68,34,"Bella Flor",N,,198360,bella.flor,BO-N-BellaFlor,,
4495026,68,126,"Belén de Andamarca",O,,647861,belen.andamarca,BO-O-BelenAndamarca,,
4509723,68,270,Bermejo,T,,328294,bermejo,BO-T-Bermejo,,
4128143,68,81,Betanzos,P,,1477951,betanzos,BO-P-Betanzos,,
4505716,68,217,Bolivar,C,,1952875,bolivar,BO-C-Bolivar,,
4050264,68,38,Bolpebra,N,,198353,bolpebra,BO-N-Bolpebra,,
4511356,68,297,Boyuibe,S,,515092,boyuibe,BO-S-Boyuibe,,
3381198,68,20,"Buena Vista",S,,1001758,buena.vista,BO-S-BuenaVista,,
4511357,68,298,Cabezas,S,,1024796,cabezas,BO-S-Cabezas,,
4502103,68,193,Cairoma,L,,1552096,cairoma,BO-L-Cairoma,,
4128593,68,83,"Caiza D",P,,637609,caiza.d,BO-P-CaizaD,,
4502179,68,198,Cajuata,L,,1544600,cajuata,BO-L-Cajuata,,
4500783,68,179,Calacoto,L,,1409686,calacoto,BO-L-Calacoto,,
4500831,68,186,Calamarca,L,,490962,calamarca,BO-L-Calamarca,,
4509376,68,256,Camargo,H,,1141966,camargo,BO-H-Camargo,,
4511358,68,299,Camiri,S,,1029614,camiri,BO-S-Camiri,,
4505765,68,221,Capinota,C,,1730823,capinota,BO-C-Capinota,,
4500784,68,180,Caquiaviri,L,,917595,caquiaviri,BO-L-Caquiaviri,,
4494694,68,104,Caracollo,O,,647907,caracollo,BO-O-Caracollo,,
4499792,68,155,Caranavi,L,,916357,caranavi,BO-L-Caranavi,,
4494972,68,124,Carangas,O,,647761,carangas,BO-O-Carangas,,
4509724,68,271,Caraparí,T,,328289,carapari,BO-T-Carapari,,
4123740,68,63,Caripuyo,P,,1477999,caripuyo,BO-P-Caripuyo,,
4511326,68,13,"Carmen Rivero Torrez",S,,1108271,carmen.rivero.torrez,BO-S-CarmenRiveroTorrez,,
4500609,68,177,Catacora,L,,1501710,catacora,BO-L-Catacora,,
4502215,68,204,Chacarilla,L,,743427,chacarilla,BO-L-Chacarilla,,
4495088,68,133,Challapata,O,,647865,challapata,BO-O-Challapata,,
4128144,68,65,Chaquí,P,,637599,chaqui,BO-P-Chaqui,,
4511359,68,300,Charagua,S,,598031,charagua,BO-S-Charagua,,
4499610,68,140,Charazani,L,,1544495,charazani,BO-L-Charazani,,
4500785,68,181,Charaña,L,,428293,charana,BO-L-Charana,,
4126927,68,64,Chayanta,P,,1784443,chayanta,BO-P-Chayanta,,
4505885,68,236,Chimore,C,,1521093,chimore,BO-C-Chimore,,
4494864,68,117,Chipaya,O,,647818,chipaya,BO-O-Chipaya,,
4494773,68,109,Choquecota,O,,647829,choquecota,BO-O-Choquecota,,
4500358,68,170,"Chua Cocani",L,,1952923,chua.cocani,BO-L-ChuaCocani,,
4499811,68,156,Chulumani,L,,1552034,chulumani,BO-L-Chulumani,,
4499720,68,145,Chuma,L,,1552008,chuma,BO-L-Chuma,,
4505781,68,226,Cliza,C,,1295948,cliza,BO-C-Cliza,,
4050223,68,35,Cobija,N,,198367,cobija,BO-N-Cobija,,
4505603,68,208,Cocapata,C,,1147245,cocapata,BO-C-Cocapata,,
4503297,68,207,Cochabamba,C,,1952931,cochabamba,BO-C-Cochabamba,,
4494865,68,118,Coipasa,O,,647739,coipasa,BO-O-Coipasa,,
4505696,68,41,Colcapirhua,C,,1521197,colcapirhua,BO-C-Colcapirhua,,
4137592,68,88,"Colcha K",P,,475470,colcha.k,BO-P-ColchaK,,
4500832,68,187,Collana,L,,490945,collana,BO-L-Collana,,
4505642,68,211,Colomi,C,,1521204,colomi,BO-C-Colomi,,
4511496,68,318,"Colpa Bélgica",S,,1108206,colpa.belgica,BO-S-ColpaBelgica,,
4126993,68,72,Colquechaca,P,,933162,colquechaca,BO-P-Colquechaca,,
4500833,68,188,Colquencha,L,,490983,colquencha,BO-L-Colquencha,,
4502180,68,199,Colquiri,L,,1544551,colquiri,BO-L-Colquiri,,
4500786,68,182,Comanche,L,,534012,comanche,BO-L-Comanche,,
4511408,68,307,Comarapa,S,,1108148,comarapa,BO-S-Comarapa,,
4499780,68,148,Combaya,L,,1585114,combaya,BO-L-Combaya,,
4511254,68,284,Concepción,S,,751077,concepcion,BO-S-Concepcion,,
4499823,68,160,Coripata,L,,1303284,coripata,BO-L-Coripata,,
4500787,68,183,"Coro Coro",L,,60497352,coro.coro,BO-L-CoroCoro,,
4499824,68,161,Coroico,L,,1552069,coroico,BO-L-Coroico,,
4494774,68,110,Corque,O,,647881,corque,BO-O-Corque,,
4137628,68,68,Cotagaita,P,,637643,cotagaita,BO-P-Cotagaita,,
4511523,68,328,Cotoca,S,,603654,cotoca,BO-S-Cotoca,,
4494820,68,111,"Cruz de Machacamarca",O,,647771,cruz.machacamarca,BO-O-CruzMachacamarca,,
4511272,68,2,"Cuatro Cañadas",S,,1142846,cuatro.canadas,BO-S-CuatroCanadas,,
4505799,68,227,Cuchumuela,C,,1521224,cuchumuela,BO-C-Cuchumuela,,
4511360,68,301,Cuevo,S,,1143259,cuevo,BO-S-Cuevo,,
4509404,68,260,Culpina,H,,637538,culpina,BO-H-Culpina,,
4482219,68,98,"Curahuara de Carangas",O,,614715,curahuara.carangas,BO-O-CurahuaraCarangas,,
4499611,68,141,Curva,L,,1544505,curva,BO-L-Curva,,
4500574,68,31,Desaguadero,L,,1952961,desaguadero,BO-L-Desaguadero,,
4499832,68,162,"El Alto",L,,955745,el.alto,BO-L-ElAlto,,
4494716,68,106,"El Choro",O,,647796,el.choro,BO-O-ElChoro,,
4511240,68,282,"El Puente",S,,1324520,el.puente,BO-S-ElPuente,,
4511524,68,329,"El Torno",S,,1108171,el.torno,BO-S-ElTorno,,
4507932,68,293,"El Villar",H,,1142208,el.villar,BO-H-ElVillar,,
4509725,68,272,"Entre Rios",T,,15121209,entre.rios,BO-T-EntreRios,,
4505884,68,235,"Entre Ríos",C,,636059,entre.rios,BO-C-EntreRios,,
4494821,68,112,Escara,O,,647895,escara,BO-O-Escara,,
4499651,68,142,Escoma,L,,1952964,escoma,BO-L-Escoma,,
4494822,68,113,Esmeralda,O,,174806,esmeralda,BO-O-Esmeralda,,
4494640,68,103,Eucaliptus,O,,1016533,eucaliptus,BO-O-Eucaliptus,,
3365948,68,15,Exaltación,B,,1814613,exaltacion,BO-B-Exaltacion,,
4511508,68,321,"Fernández Alonso",S,,371664,fernandez.alonso,BO-S-FernandezAlonso,,
4050224,68,36,Filadelfia,N,,198391,filadelfia,BO-N-Filadelfia,,
4511509,68,322,"General Saavedra",S,,993949,general.saavedra,BO-S-GeneralSaavedra,,
4499781,68,149,Guanay,L,,1551023,guanay,BO-L-Guanay,,
4500575,68,32,Guaqui,L,,1118260,guaqui,BO-L-Guaqui,,
4054846,68,49,Guayaramerín,B,,1487963,guayaramerin,BO-B-Guayaramerin,,
4511361,68,302,Gutiérrez,S,,1108247,gutierrez,BO-S-Gutierrez,,
4056859,68,24,Huacaraje,B,,1814588,huacaraje,BO-B-Huacaraje,,
4509405,68,261,Huacaya,H,,1141996,huacaya,BO-H-Huacaya,,
4494823,68,102,Huachacalla,O,,647800,huachacalla,BO-O-Huachacalla,,
4495052,68,129,Huanuni,O,,647811,huanuni,BO-O-Huanuni,,
4500359,68,171,Huarina,L,,1591297,huarina,BO-L-Huarina,,
4500360,68,25,Huatajata,L,,1952976,huatajata,BO-L-Huatajata,,
4499652,68,121,Humanata,L,,1952986,humanata,BO-L-Humanata,,
4502181,68,200,Ichoca,L,,1544514,ichoca,BO-L-Ichoca,,
4507906,68,287,Icla,H,,1142203,icla,BO-H-Icla,,
4509377,68,257,Incahuasi,H,,1142260,incahuasi,BO-H-Incahuasi,,
3369824,68,19,Ingavi,N,,198351,ingavi,BO-N-Ingavi,,
4502182,68,201,Inquisivi,L,,1819415,inquisivi,BO-L-Inquisivi,,
4499812,68,157,Irupana,L,,1552014,irupana,BO-L-Irupana,,
4499583,68,136,Ixiamas,L,,1544558,ixiamas,BO-L-Ixiamas,,
4500576,68,172,"Jesús de Machaca",L,,1305298,jesus.machaca,BO-L-JesusMachaca,,
4499813,68,158,"La Asunta",L,,1552078,la.asunta,BO-L-LaAsunta,,
4511525,68,330,"La Guardia",S,,541436,la.guardia,BO-S-LaGuardia,,
4499870,68,165,"La Paz",L,,1491,la.paz,BO-L-LaPaz,,
4494973,68,125,"La Rivera",O,,647786,la.rivera,BO-O-LaRivera,,
4511362,68,303,Lagunillas,S,,1108235,lagunillas,BO-S-Lagunillas,,
4500400,68,28,Laja,L,,1544635,laja,BO-L-Laja,,
4509406,68,262,"Las Carretas",H,,1142273,las.carretas,BO-H-LasCarretas,,
4502183,68,202,Licoma,L,,1544480,licoma,BO-L-Licoma,,
4126928,68,66,Llallagua,P,,624490,llallagua,BO-P-Llallagua,,
4134802,68,85,Llica,P,,1016542,llica,BO-P-Llica,,
4059665,68,60,Loreto,B,,1814603,loreto,BO-B-Loreto,,
4502104,68,194,Luribay,L,,1819426,luribay,BO-L-Luribay,,
4495051,68,128,Machacamarca,O,,647754,machacamarca,BO-O-Machacamarca,,
4509407,68,263,Machareti,H,,1142267,machareti,BO-H-Machareti,,
4056828,68,22,Magdalena,B,,1701421,magdalena,BO-B-Magdalena,,
4511437,68,309,Mairana,S,,1108209,mairana,BO-S-Mairana,,
4502105,68,195,Malla,L,,1315889,malla,BO-L-Malla,,
4499756,68,147,Mapiri,L,,1585050,mapiri,BO-L-Mapiri,,
4499869,68,164,Mecapaca,L,,1551628,mecapaca,BO-L-Mecapaca,,
4511510,68,323,Mineros,S,,602690,mineros,BO-S-Mineros,,
4506108,68,242,Mizque,C,,1521176,mizque,BO-C-Mizque,,
4499653,68,122,Mocomoco,L,,1544446,mocomoco,BO-L-Mocomoco,,
4137593,68,89,Mojinete,P,,1783667,mojinete,BO-P-Mojinete,,
4509408,68,264,Monteagudo,H,,914026,monteagudo,BO-H-Monteagudo,,
4511511,68,324,Montero,S,,990706,montero,BO-S-Montero,,
4511477,68,313,"Moro Moro",S,,1107963,moro.moro,BO-S-MoroMoro,,
4505605,68,210,Morochata,C,,1535941,morochata,BO-C-Morochata,,
3368691,68,16,"Nueva Esperanza",N,,198389,nueva.esperanza,BO-N-NuevaEsperanza,,
4126994,68,73,Ocurí,P,,1784436,ocuri,BO-P-Ocuri,,
4511520,68,326,"Okinawa Uno",S,,1108266,okinawa.uno,BO-S-OkinawaUno,,
4506121,68,245,Omereque,C,,1521168,omereque,BO-C-Omereque,,
4494717,68,107,Oruro,O,,1953059,oruro,BO-O-Oruro,,
4509726,68,273,Padcaya,T,,328276,padcaya,BO-T-Padcaya,,
4507933,68,250,Padilla,H,,1142006,padilla,BO-H-Padilla,,
4511315,68,10,Pailón,S,,1108279,pailon,BO-S-Pailon,,
4499871,68,166,Palca,L,,1536059,palca,BO-L-Palca,,
4499814,68,159,"Palos Blancos",L,,1551606,palos.blancos,BO-L-PalosBlancos,,
4511438,68,310,"Pampa Grande",S,,1108240,pampa.grande,BO-S-PampaGrande,,
4502216,68,205,"Papel Pampa",L,,1434273,papel.pampa,BO-L-PapelPampa,,
4506122,68,246,Pasorapa,C,,1497559,pasorapa,BO-C-Pasorapa,,
4500835,68,190,Patacamaya,L,,490991,patacamaya,BO-L-Patacamaya,,
4495078,68,131,Pazña,O,,528661,pazna,BO-O-Pazna,,
4499595,68,139,Pelechuco,L,,1297662,pelechuco,BO-L-Pelechuco,,
4126995,68,74,Pocoata,P,,1477914,pocoata,BO-P-Pocoata,,
4505886,68,237,Pocona,C,,1521138,pocona,BO-C-Pocona,,
4505887,68,238,Pojo,C,,1516972,pojo,BO-C-Pojo,,
4495079,68,132,Poopó,O,,1520813,poopo,BO-O-Poopo,,
4137629,68,93,Porco,P,,628665,porco,BO-P-Porco,,
4507877,68,247,Poroma,H,,182203,poroma,BO-H-Poroma,,
4511526,68,331,Porongo,S,,1108169,porongo,BO-S-Porongo,,
4511497,68,319,Portachuelo,S,,1626079,portachuelo,BO-S-Portachuelo,,
4050225,68,37,Porvenir,N,,1953096,porvenir,BO-N-Porvenir,,
4511478,68,314,"Postrer Valle",S,,918680,postrer.valle,BO-S-PostrerValle,,
4127118,68,76,Potosí,P,,1335276,potosi,BO-P-Potosi,,
4507907,68,288,Presto,H,,1585103,presto,BO-H-Presto,,
4500401,68,29,Pucarani,L,,1265440,pucarani,BO-L-Pucarani,,
4511479,68,315,Pucará,S,,1108166,pucara,BO-S-Pucara,,
4499654,68,123,"Puerto Acosta",L,,1544478,puerto.acosta,BO-L-PuertoAcosta,,
4499655,68,1,"Puerto Carabuco",L,,289565,puerto.carabuco,BO-L-PuertoCarabuco,,
4051384,68,44,"Puerto Gonzalo Moreno",N,,198392,puerto.gonzalo.moreno,BO-N-PuertoGonzaloMoreno,,
4500402,68,30,"Puerto Pérez",L,,1544630,puerto.perez,BO-L-PuertoPerez,,
4511327,68,294,"Puerto Quijarro",S,,1108256,puerto.quijarro,BO-S-PuertoQuijarro,,
4051293,68,39,"Puerto Rico",N,,842360,puerto.rico,BO-N-PuertoRico,,
4055848,68,54,"Puerto Siles",B,,1516817,puerto.siles,BO-B-PuertoSiles,,
4511328,68,295,"Puerto Suárez",S,,1014456,puerto.suarez,BO-S-PuertoSuarez,,
4505888,68,239,"Puerto Villarroel",C,,1521128,puerto.villarroel,BO-C-PuertoVillarroel,,
4128594,68,84,Puna,P,,637655,puna,BO-P-Puna,,
4505800,68,228,Punata,C,,1026219,punata,BO-C-Punata,,
4499782,68,150,Quiabaya,L,,1585064,quiabaya,BO-L-Quiabaya,,
4495089,68,134,Quillacas,O,,647890,quillacas,BO-O-Quillacas,,
4505697,68,42,Quillacollo,C,,1553258,quillacollo,BO-C-Quillacollo,,
4502184,68,203,Quime,L,,1819405,quime,BO-L-Quime,,
4511439,68,311,Quirusillas,S,,1108303,quirusillas,BO-S-Quirusillas,,
4126996,68,75,Ravelo,P,,1477747,ravelo,BO-P-Ravelo,,
4055250,68,53,Reyes,B,,1516822,reyes,BO-B-Reyes,,
4054847,68,50,Riberalta,B,,842368,riberalta,BO-B-Riberalta,,
4511316,68,11,Roboré,S,,1108292,robore,BO-S-Robore,,
4055186,68,51,Rurrenabaque,B,,1516809,rurrenabaque,BO-B-Rurrenabaque,,
4494866,68,119,Sabaya,O,,1478043,sabaya,BO-O-Sabaya,,
4505643,68,212,Sacaba,C,,1521148,sacaba,BO-C-Sacaba,,
4505813,68,258,Sacabamba,C,,547615,sacabamba,BO-C-Sacabamba,,
4123687,68,62,Sacaca,P,,1477919,sacaca,BO-P-Sacaca,,
4511409,68,308,Saipina,S,,1108162,saipina,BO-S-Saipina,,
4495039,68,115,"Salinas de Garcí Mendoza",O,,1016557,salinas.garci.mendoza,BO-O-SalinasGarciMendoza,,
4511440,68,312,Samaipata,S,,1108155,samaipata,BO-S-Samaipata,,
4137630,68,77,"San Agustin",P,,1953135,san.agustin,BO-P-SanAgustin,,
4059613,68,59,"San Andres",B,,1535931,san.andres,BO-B-SanAndres,,
4500577,68,173,"San Andrés de Machaca",L,,1544522,san.andres.machaca,BO-L-SanAndresMachaca,,
4137594,68,90,"San Antonio de Esmoruco",P,,1477933,san.antonio.esmoruco,BO-P-SanAntonioEsmoruco,,
4511273,68,3,"San Antonio de Lomerio",S,,1108298,san.antonio.lomerio,BO-S-SanAntonioLomerio,,
4505801,68,229,"San Benito",C,,1521209,san.benito,BO-C-SanBenito,,
10868035,68,333,"San Borja",B,,2631821,san.borja,BO-B-SanBorja,,
4499584,68,137,"San Buenaventura",L,,1814898,san.buenaventura,BO-L-SanBuenaventura,,
4511393,68,304,"San Carlos",S,,507108,san.carlos,BO-S-SanCarlos,,
4058468,68,58,"San Ignacio de Moxos",B,,12219175,san.ignacio.moxos,BO-B-SanIgnacioMoxos,,
4511303,68,7,"San Ignacio de Velasco",S,,916322,san.ignacio.velasco,BO-S-SanIgnacioVelasco,,
4057054,68,56,"San Javier",B,,256171,san.javier,BO-B-SanJavier,,
4511274,68,4,"San Javier",S,,1531880,san.javier,BO-S-SanJavier,,
4055849,68,55,"San Joaquin",B,,1292997,san.joaquin,BO-B-SanJoaquin,,
4511317,68,12,"San José de Chiquitos",S,,1108177,san.jose.chiquitos,BO-S-SanJoseChiquitos,,
4511394,68,305,"San Juan",S,,1108226,san.juan,BO-S-SanJuan,,
4511275,68,5,"San Julián",S,,204307,san.julian,BO-S-SanJulian,,
4051385,68,47,"San Lorenzo",N,,195218,san.lorenzo,BO-N-SanLorenzo,,
4509375,68,255,"San Lucas",H,,783480,san.lucas,BO-H-SanLucas,,
4511329,68,296,"San Matías",S,,1107968,san.matias,BO-S-SanMatias,,
4511304,68,8,"San Miguel de Velasco",S,,1486932,san.miguel.velasco,BO-S-SanMiguelVelasco,,
4509409,68,265,"San Pablo de Huacareta",H,,1142195,san.pablo.huacareta,BO-H-SanPabloHuacareta,,
4137595,68,91,"San Pablo de Lipez",P,,1477898,san.pablo.lipez,BO-P-SanPabloLipez,,
4126936,68,70,"San Pedro",P,,624522,san.pedro,BO-P-SanPedro,,
4051294,68,40,"San Pedro",N,,198394,san.pedro,BO-N-SanPedro,,
4511512,68,325,"San Pedro",S,,668846,san.pedro,BO-S-SanPedro,,
4502217,68,206,"San Pedro de Curahuara",L,,1544586,san.pedro.curahuara,BO-L-SanPedroCurahuara,,
4136111,68,87,"San Pedro de Quemes",P,,540223,san.pedro.quemes,BO-P-SanPedroQuemes,,
4482342,68,100,"San Pedro de Totora",O,,1953183,san.pedro.totora,BO-O-SanPedroTotora,,
4511305,68,9,"San Rafael",S,,1108286,san.rafael,BO-S-SanRafael,,
4055850,68,21,"San Ramón",B,,849354,san.ramon,BO-B-SanRamon,,
4511276,68,6,"San Ramón",S,,1108183,san.ramon,BO-S-SanRamon,,
3365921,68,14,"Santa Ana del Yacuma",B,,685208,santa.ana.yacuma,BO-B-SantaAnaYacuma,,
4511527,68,332,"Santa Cruz de la Sierra",S,,170688,santa.cruz.la.sierra,BO-S-SantaCruzLaSierra,,
4055188,68,52,"Santa Rosa",B,,1516796,santa.rosa,BO-B-SantaRosa,,
4049843,68,33,"Santa Rosa del Abuná",N,,198363,santa.rosa.abuna,BO-N-SantaRosaAbuna,,
4511498,68,320,"Santa Rosa del Sara",S,,1108258,santa.rosa.sara,BO-S-SantaRosaSara,,
4495027,68,127,"Santiago de Andamarca",O,,647778,santiago.andamarca,BO-O-SantiagoAndamarca,,
4500788,68,184,"Santiago de Callapa",L,,741915,santiago.callapa,BO-L-SantiagoCallapa,,
4495090,68,135,"Santiago de Huari",O,,1002105,santiago.huari,BO-O-SantiagoHuari,,
4500361,68,26,"Santiago de Huata",L,,1953187,santiago.huata,BO-L-SantiagoHuata,,
4494599,68,101,"Santiago de Huayllamarca",O,,2006663,santiago.huayllamarca,BO-O-SantiagoHuayllamarca,,
4500610,68,178,"Santiago de Machaca",L,,1544546,santiago.machaca,BO-L-SantiagoMachaca,,
4505766,68,222,Santiváñez,C,,939128,santivanez,BO-C-Santivanez,,
3369463,68,17,"Santos Mercado",N,,198359,santos.mercado,BO-N-SantosMercado,,
4502106,68,196,Sapahaqui,L,,491527,sapahaqui,BO-L-Sapahaqui,,
4051386,68,48,Sena,N,,198348,sena,BO-N-Sena,,
4505816,68,233,Shinahota,C,,1585069,shinahota,BO-C-Shinahota,,
4500836,68,191,"Sica Sica",L,,491501,sica.sica,BO-L-SicaSica,,
4505767,68,224,Sicaya,C,,1521111,sicaya,BO-C-Sicaya,,
4505698,68,43,"Sipe Sipe",C,,1521101,sipe.sipe,BO-C-SipeSipe,,
4507934,68,251,Sopachuy,H,,1142253,sopachuy,BO-H-Sopachuy,,
4494711,68,105,Soracachi,O,,684618,soracachi,BO-O-Soracachi,,
4499783,68,151,Sorata,L,,1860758,sorata,BO-L-Sorata,,
4507878,68,248,Sucre,H,,1304750,sucre,BO-H-Sucre,,
4505802,68,231,Tacachi,C,,1521188,tacachi,BO-C-Tacachi,,
4499721,68,146,Tacacoma,L,,1860830,tacacoma,BO-L-Tacacoma,,
4128145,68,82,Tacobamba,P,,637620,tacobamba,BO-P-Tacobamba,,
4505717,68,218,Tacopaya,C,,200994,tacopaya,BO-C-Tacopaya,,
4135011,68,86,Tahua,P,,1477909,tahua,BO-P-Tahua,,
4505706,68,215,Tapacarí,C,,1953206,tapacari,BO-C-Tapacari,,
4507914,68,291,Tarabuco,H,,1860776,tarabuco,BO-H-Tarabuco,,
4500578,68,174,Taraco,L,,1544565,taraco,BO-L-Taraco,,
4505768,68,225,Tarata,C,,659801,tarata,BO-C-Tarata,,
4509727,68,274,Tarija,T,,1953215,tarija,BO-T-Tarija,,
4509410,68,266,Tarvita,H,,1142233,tarvita,BO-H-Tarvita,,
4499784,68,152,Teoponte,L,,1026231,teoponte,BO-L-Teoponte,,
4500579,68,175,Tiahuanacu,L,,681960,tiahuanacu,BO-L-Tiahuanacu,,
4127119,68,78,Tinguipaya,P,,1477957,tinguipaya,BO-P-Tinguipaya,,
4499785,68,153,Tipuani,L,,1585089,tipuani,BO-L-Tipuani,,
4505699,68,46,Tiquipaya,C,,303590,tiquipaya,BO-C-Tiquipaya,,
4505817,68,234,Tiraque,C,,1516831,tiraque,BO-C-Tiraque,,
4494971,68,120,"Todos Santos",O,,647838,todos.santos,BO-O-TodosSantos,,
4505782,68,230,Toko,C,,1272109,toko,BO-C-Toko,,
4505783,68,223,Tolata,C,,1816574,tolata,BO-C-Tolata,,
4494747,68,108,Toledo,O,,523242,toledo,BO-O-Toledo,,
4137631,68,94,Tomave,P,,1477902,tomave,BO-P-Tomave,,
4509728,68,275,Tomayapo,T,,277520,tomayapo,BO-T-Tomayapo,,
4507935,68,252,Tomina,H,,633697,tomina,BO-H-Tomina,,
4126937,68,71,"Toro Toro",P,,624520,toro.toro,BO-P-ToroToro,,
4505889,68,240,Totora,C,,508944,totora,BO-C-Totora,,
4511480,68,316,Trigal,S,,542442,trigal,BO-S-Trigal,,
4057055,68,57,Trinidad,B,,842343,trinidad,BO-B-Trinidad,,
4137632,68,95,Tupiza,P,,1477662,tupiza,BO-P-Tupiza,,
4482220,68,99,Turco,O,,796998,turco,BO-O-Turco,,
4500837,68,192,Umala,L,,490956,umala,BO-L-Umala,,
4126929,68,69,Uncía,P,,1642052,uncia,BO-P-Uncia,,
4509729,68,276,Uriondo,T,,689990,uriondo,BO-T-Uriondo,,
4127120,68,79,Urmiri,P,,1478062,urmiri,BO-P-Urmiri,,
4511241,68,283,Urubichá,S,,1108192,urubicha,BO-S-Urubicha,,
4137633,68,96,Uyuni,P,,1478014,uyuni,BO-P-Uyuni,,
4505814,68,285,Vacas,C,,1817895,vacas,BO-C-Vacas,,
4511481,68,317,Vallegrande,S,,690492,vallegrande,BO-S-Vallegrande,,
4500580,68,176,Viacha,L,,1544198,viacha,BO-L-Viacha,,
4506109,68,243,"Vila Vila",C,,2524655,vila.vila,BO-C-VilaVila,,
4509411,68,267,"Villa Abecia",H,,1142199,villa.abecia,BO-H-VillaAbecia,,
4507936,68,253,"Villa Alcala",H,,955703,villa.alcala,BO-H-VillaAlcala,,
4509412,68,268,"Villa Azurduy",H,,1585034,villa.azurduy,BO-H-VillaAzurduy,,
4509378,68,259,"Villa Charcas",H,,1146801,villa.charcas,BO-H-VillaCharcas,,
4507908,68,289,"Villa Mojocoya",H,,1142257,villa.mojocoya,BO-H-VillaMojocoya,,
4509731,68,278,"Villa Montes",T,,328298,villa.montes,BO-T-VillaMontes,,
3369464,68,18,"Villa Nueva",N,,198357,villa.nueva,BO-N-VillaNueva,,
4505803,68,232,"Villa Rivero",C,,2096904,villa.rivero,BO-C-VillaRivero,,
4509730,68,277,"Villa San Lorenzo",T,,328285,villa.san.lorenzo,BO-T-VillaSanLorenzo,,
4507937,68,254,"Villa Serrano",H,,1953257,villa.serrano,BO-H-VillaSerrano,,
4505644,68,213,"Villa Tunari",C,,1860785,villa.tunari,BO-C-VillaTunari,,
4509413,68,269,"Villa Vaca Guzman",H,,121543,villa.vaca.guzman,BO-H-VillaVacaGuzman,,
4137626,68,92,Villazón,P,,15835839,villazon,BO-P-Villazon,,
4505700,68,214,Vinto,C,,1521087,vinto,BO-C-Vinto,,
4137634,68,97,Vitichi,P,,1533308,vitichi,BO-P-Vitichi,,
4500789,68,185,"Waldo Ballivián",L,,1481997,waldo.ballivian,BO-L-WaldoBallivian,,
4511521,68,327,Warnes,S,,973385,warnes,BO-S-Warnes,,
4502107,68,197,Yaco,L,,1552018,yaco,BO-L-Yaco,,
4509732,68,279,Yacuíba,T,,328303,yacuiba,BO-T-Yacuiba,,
4507915,68,292,Yamparaez,H,,2599274,yamparaez,BO-H-Yamparaez,,
4500325,68,167,Yanacachi,L,,284758,yanacachi,BO-L-Yanacachi,,
4511395,68,306,Yapacaní,S,,1108189,yapacani,BO-S-Yapacani,,
4127121,68,80,Yocalla,P,,1477980,yocalla,BO-P-Yocalla,,
4507879,68,286,Yotala,H,,1142025,yotala,BO-H-Yotala,,
4509733,68,280,Yunchará,T,,328307,yunchara,BO-T-Yunchara,,
4494824,68,116,"Yunguyo del Litoral",O,,647918,yunguyo.litoral,BO-O-YunguyoLitoral,,
4507909,68,290,Zudañez,H,,1142243,zudanez,BO-H-Zudanez,,